dj_name,rank,dj_url,dj_path
Dixon,1.,http://www.residentadvisor.net/dj/dixon,/dj/dixon
Tale Of Us,2.,http://www.residentadvisor.net/dj/taleofus,/dj/taleofus
Âme,3.,http://www.residentadvisor.net/dj/ame,/dj/ame
Seth Troxler,4.,http://www.residentadvisor.net/dj/sethtroxler,/dj/sethtroxler
Maceo Plex,5.,http://www.residentadvisor.net/dj/maceoplex,/dj/maceoplex
Ben Klock,6.,http://www.residentadvisor.net/dj/benklock,/dj/benklock
Ben UFO,7.,http://www.residentadvisor.net/dj/benufo,/dj/benufo
Mano Le Tough,8.,http://www.residentadvisor.net/dj/manoletough,/dj/manoletough
Rødhåd,9.,http://www.residentadvisor.net/dj/rodhad,/dj/rodhad
Ricardo Villalobos,10.,http://www.residentadvisor.net/dj/ricardovillalobos,/dj/ricardovillalobos
Jackmaster,11.,http://www.residentadvisor.net/dj/jackmaster,/dj/jackmaster
Jamie Jones,12.,http://www.residentadvisor.net/dj/jamiejones,/dj/jamiejones
Richie Hawtin,13.,http://www.residentadvisor.net/dj/richiehawtin,/dj/richiehawtin
Marcel Dettmann,14.,http://www.residentadvisor.net/dj/marceldettmann,/dj/marceldettmann
Sven Vath,15.,http://www.residentadvisor.net/dj/svenvath,/dj/svenvath
Apollonia,16.,http://www.residentadvisor.net/dj/apollonia,/dj/apollonia
Marco Carola,17.,http://www.residentadvisor.net/dj/marcocarola,/dj/marcocarola
Adam Beyer,18.,http://www.residentadvisor.net/dj/adambeyer,/dj/adambeyer
Motor City Drum Ensemble,19.,http://www.residentadvisor.net/dj/mcde,/dj/mcde
John Talabot,20.,http://www.residentadvisor.net/dj/johntalabot,/dj/johntalabot
Eats Everything,21.,http://www.residentadvisor.net/dj/eatseverything,/dj/eatseverything
DJ Koze,22.,http://www.residentadvisor.net/dj/djkoze,/dj/djkoze
Loco Dice,23.,http://www.residentadvisor.net/dj/locodice,/dj/locodice
Gerd Janson,24.,http://www.residentadvisor.net/dj/gerdjanson,/dj/gerdjanson
The Martinez Brothers,25.,http://www.residentadvisor.net/dj/themartinezbros,/dj/themartinezbros
Solomun,26.,http://www.residentadvisor.net/dj/solomun,/dj/solomun
Raresh,27.,http://www.residentadvisor.net/dj/raresh,/dj/raresh
Adriatique,28.,http://www.residentadvisor.net/dj/adriatique,/dj/adriatique
John Digweed,29.,http://www.residentadvisor.net/dj/digweed,/dj/digweed
Joy Orbison,30.,http://www.residentadvisor.net/dj/joyorbison,/dj/joyorbison
Move D,31.,http://www.residentadvisor.net/dj/moved,/dj/moved
Daniel Avery,32.,http://www.residentadvisor.net/dj/danielavery,/dj/danielavery
Mind Against,33.,http://www.residentadvisor.net/dj/mindagainst,/dj/mindagainst
Laurent Garnier,34.,http://www.residentadvisor.net/dj/laurentgarnier,/dj/laurentgarnier
tINI,35.,http://www.residentadvisor.net/dj/tini,/dj/tini
Zip,36.,http://www.residentadvisor.net/dj/zip,/dj/zip
Levon Vincent,37.,http://www.residentadvisor.net/dj/levonvincent,/dj/levonvincent
Joseph Capriati,38.,http://www.residentadvisor.net/dj/josephcapriati,/dj/josephcapriati
Nina Kraviz,39.,http://www.residentadvisor.net/dj/ninakraviz,/dj/ninakraviz
DVS1,40.,http://www.residentadvisor.net/dj/dvs1,/dj/dvs1
Chris Liebing,41.,http://www.residentadvisor.net/dj/chrisliebing,/dj/chrisliebing
DJ Tennis,42.,http://www.residentadvisor.net/dj/djtennis,/dj/djtennis
Joris Voorn,43.,http://www.residentadvisor.net/dj/jorisvoorn,/dj/jorisvoorn
Robert Hood,44.,http://www.residentadvisor.net/dj/roberthood,/dj/roberthood
Hot Since 82,45.,http://www.residentadvisor.net/dj/hotsince82,/dj/hotsince82
Skream,46.,http://www.residentadvisor.net/dj/skream,/dj/skream
Roman Flügel,47.,http://www.residentadvisor.net/dj/romanflugel,/dj/romanflugel
Maya Jane Coles,48.,http://www.residentadvisor.net/dj/mayajanecoles,/dj/mayajanecoles
Carl Cox,49.,http://www.residentadvisor.net/dj/carlcox,/dj/carlcox
Floating Points,50.,http://www.residentadvisor.net/dj/floatingpoints,/dj/floatingpoints
Guy Gerber,51.,http://www.residentadvisor.net/dj/guygerber,/dj/guygerber
Dubfire,52.,http://www.residentadvisor.net/dj/dubfire,/dj/dubfire
Pan-Pot,53.,http://www.residentadvisor.net/dj/pan-pot,/dj/pan-pot
Bicep,54.,http://www.residentadvisor.net/dj/bicep,/dj/bicep
Butch,55.,http://www.residentadvisor.net/dj/butch,/dj/butch
Steve Lawler,56.,http://www.residentadvisor.net/dj/stevelawler,/dj/stevelawler
Rhadoo,57.,http://www.residentadvisor.net/dj/rhadoo,/dj/rhadoo
Jeff Mills,58.,http://www.residentadvisor.net/dj/jeffmills,/dj/jeffmills
Sasha,59.,http://www.residentadvisor.net/dj/sasha,/dj/sasha
Kerri Chandler,60.,http://www.residentadvisor.net/dj/kerrichandler,/dj/kerrichandler
Len Faki,61.,http://www.residentadvisor.net/dj/lenfaki,/dj/lenfaki
Theo Parrish,62.,http://www.residentadvisor.net/dj/theoparrish,/dj/theoparrish
Lee Burridge,63.,http://www.residentadvisor.net/dj/leeburridge,/dj/leeburridge
Moodymann,64.,http://www.residentadvisor.net/dj/moodymann,/dj/moodymann
Tama Sumo,65.,http://www.residentadvisor.net/dj/tamasumo,/dj/tamasumo
Fur Coat,66.,http://www.residentadvisor.net/dj/furcoat,/dj/furcoat
Dusky,67.,http://www.residentadvisor.net/dj/dusky,/dj/dusky
Nicole Moudaber,68.,http://www.residentadvisor.net/dj/nicolemoudaber,/dj/nicolemoudaber
Art Department,69.,http://www.residentadvisor.net/dj/artdepartment,/dj/artdepartment
Luciano,70.,http://www.residentadvisor.net/dj/luciano,/dj/luciano
Omar-S,71.,http://www.residentadvisor.net/dj/omars,/dj/omars
Michael Mayer,72.,http://www.residentadvisor.net/dj/michaelmayer,/dj/michaelmayer
Richy Ahmed,73.,http://www.residentadvisor.net/dj/richyahmed,/dj/richyahmed
Scuba,74.,http://www.residentadvisor.net/dj/scuba,/dj/scuba
Midland,75.,http://www.residentadvisor.net/dj/midland,/dj/midland
Donato Dozzy,76.,http://www.residentadvisor.net/dj/donatodozzy,/dj/donatodozzy
Surgeon,77.,http://www.residentadvisor.net/dj/surgeon,/dj/surgeon
Fred P,78.,http://www.residentadvisor.net/dj/fredp,/dj/fredp
DJ Harvey,79.,http://www.residentadvisor.net/dj/djharvey,/dj/djharvey
Patrick Topping,80.,http://www.residentadvisor.net/dj/patricktopping,/dj/patricktopping
Damian Lazarus,81.,http://www.residentadvisor.net/dj/damianlazarus,/dj/damianlazarus
Blawan,82.,http://www.residentadvisor.net/dj/blawan,/dj/blawan
Dyed Soundorom,83.,http://www.residentadvisor.net/dj/dyedsoundorom,/dj/dyedsoundorom
James Zabiela,84.,http://www.residentadvisor.net/dj/jameszabiela,/dj/jameszabiela
Alan Fitzpatrick,85.,http://www.residentadvisor.net/dj/alanfitzpatrick,/dj/alanfitzpatrick
Hernan Cattaneo,86.,http://www.residentadvisor.net/dj/hernancattaneo,/dj/hernancattaneo
Optimo,87.,http://www.residentadvisor.net/dj/optimo,/dj/optimo
DJ Sprinkles,88.,http://www.residentadvisor.net/dj/djsprinkles,/dj/djsprinkles
Objekt,89.,http://www.residentadvisor.net/dj/objekt,/dj/objekt
Four Tet,90.,http://www.residentadvisor.net/dj/fourtet,/dj/fourtet
George FitzGerald,91.,http://www.residentadvisor.net/dj/georgefitzgerald,/dj/georgefitzgerald
Axel Boman,92.,http://www.residentadvisor.net/dj/axelboman,/dj/axelboman
Steffi,93.,http://www.residentadvisor.net/dj/steffi,/dj/steffi
Robag Wruhme,94.,http://www.residentadvisor.net/dj/robagwruhme,/dj/robagwruhme
Joey Anderson,95.,http://www.residentadvisor.net/dj/joeyanderson,/dj/joeyanderson
Erol Alkan,96.,http://www.residentadvisor.net/dj/erolalkan,/dj/erolalkan
Job Jobse,97.,http://www.residentadvisor.net/dj/jobjobse,/dj/jobjobse
Ryan Elliott,98.,http://www.residentadvisor.net/dj/ryanelliott,/dj/ryanelliott
Anja Schneider,99.,http://www.residentadvisor.net/dj/anjaschneider,/dj/anjaschneider
Andrew Weatherall,100.,http://www.residentadvisor.net/dj/andrewweatherall,/dj/andrewweatherall
